{
  "best_global_step": null,
  "best_metric": null,
  "best_model_checkpoint": null,
  "epoch": 1.0,
  "eval_steps": 100,
  "global_step": 203,
  "is_hyper_param_search": false,
  "is_local_process_zero": true,
  "is_world_process_zero": true,
  "log_history": [
    {
      "entropy": NaN,
      "epoch": 0.04938271604938271,
      "grad_norm": 0.0,
      "learning_rate": 4.2857142857142856e-05,
      "logits/chosen": -0.9422296259250752,
      "logits/rejected": -0.8495677916599919,
      "logps/chosen": -74.04287219047546,
      "logps/rejected": -79.2502712726593,
      "loss": 1.3870111465454102,
      "mean_token_accuracy": 0.7127241084352136,
      "num_tokens": 12736.0,
      "rewards/accuracies": 0.2625,
      "rewards/chosen": 0.20348972836509346,
      "rewards/margins": -0.8415696233510971,
      "rewards/rejected": 1.0450593466637657,
      "step": 10
    },
    {
      "entropy": NaN,
      "epoch": 0.09876543209876543,
      "grad_norm": 0.0,
      "learning_rate": 9.047619047619048e-05,
      "logits/chosen": -0.982361886293765,
      "logits/rejected": -0.8547127473654499,
      "logps/chosen": -81.21231088638305,
      "logps/rejected": -70.24155972003936,
      "loss": 1.163226318359375,
      "mean_token_accuracy": 0.7501599915325642,
      "num_tokens": 26861.0,
      "rewards/accuracies": 0.2875,
      "rewards/chosen": 0.21065633252437693,
      "rewards/margins": -0.5788330428767949,
      "rewards/rejected": 0.7894893821561709,
      "step": 20
    },
    {
      "entropy": 0.7940572157502175,
      "epoch": 0.14814814814814814,
      "grad_norm": 0.0,
      "learning_rate": 9.560439560439561e-05,
      "logits/chosen": -0.9924886277470633,
      "logits/rejected": -0.9831506598707052,
      "logps/chosen": -84.33423647880554,
      "logps/rejected": -79.60359687805176,
      "loss": 1.4355168342590332,
      "mean_token_accuracy": 0.7345120564103127,
      "num_tokens": 39696.0,
      "rewards/accuracies": 0.1875,
      "rewards/chosen": -0.011372566991485655,
      "rewards/margins": -0.9738054643385112,
      "rewards/rejected": 0.9624329069629312,
      "step": 30
    },
    {
      "entropy": NaN,
      "epoch": 0.19753086419753085,
      "grad_norm": 0.0,
      "learning_rate": 9.010989010989012e-05,
      "logits/chosen": -1.0259980697382234,
      "logits/rejected": -0.941484483073008,
      "logps/chosen": -83.38514432907104,
      "logps/rejected": -72.79451839923858,
      "loss": 1.3031338691711425,
      "mean_token_accuracy": 0.7352108422666788,
      "num_tokens": 53078.0,
      "rewards/accuracies": 0.2375,
      "rewards/chosen": 0.05559931973402854,
      "rewards/margins": -0.8271255709696561,
      "rewards/rejected": 0.8827248867601156,
      "step": 40
    },
    {
      "entropy": NaN,
      "epoch": 0.24691358024691357,
      "grad_norm": 0.0,
      "learning_rate": 8.461538461538461e-05,
      "logits/chosen": -0.9863694981325377,
      "logits/rejected": -0.9479866746035613,
      "logps/chosen": -79.99852426052094,
      "logps/rejected": -74.25727186203002,
      "loss": 1.3558923721313476,
      "mean_token_accuracy": 0.7253955438733101,
      "num_tokens": 66909.0,
      "rewards/accuracies": 0.25,
      "rewards/chosen": 0.012132608407409862,
      "rewards/margins": -0.8635450846515595,
      "rewards/rejected": 0.875677693192847,
      "step": 50
    },
    {
      "entropy": NaN,
      "epoch": 0.2962962962962963,
      "grad_norm": 0.0,
      "learning_rate": 7.912087912087912e-05,
      "logits/chosen": -1.047130979502742,
      "logits/rejected": -0.8745347885818031,
      "logps/chosen": -74.64426169395446,
      "logps/rejected": -72.11380333900452,
      "loss": 1.163759422302246,
      "mean_token_accuracy": 0.7341848328709603,
      "num_tokens": 79722.0,
      "rewards/accuracies": 0.3125,
      "rewards/chosen": 0.11130862756981515,
      "rewards/margins": -0.598005610704422,
      "rewards/rejected": 0.7093142405385151,
      "step": 60
    },
    {
      "entropy": 0.8138030022382736,
      "epoch": 0.345679012345679,
      "grad_norm": 0.0,
      "learning_rate": 7.362637362637363e-05,
      "logits/chosen": -1.084493078403641,
      "logits/rejected": -0.8723005031323046,
      "logps/chosen": -83.78716881275177,
      "logps/rejected": -84.22432236671447,
      "loss": 1.8614944458007812,
      "mean_token_accuracy": 0.7372714284807443,
      "num_tokens": 93630.0,
      "rewards/accuracies": 0.1875,
      "rewards/chosen": -0.08550996572666918,
      "rewards/margins": -1.4397565686143934,
      "rewards/rejected": 1.3542466040002181,
      "step": 70
    },
    {
      "entropy": 0.7377776958048343,
      "epoch": 0.3950617283950617,
      "grad_norm": 0.0,
      "learning_rate": 6.813186813186814e-05,
      "logits/chosen": -1.0185982757658962,
      "logits/rejected": -0.9473662812981567,
      "logps/chosen": -74.52804718017578,
      "logps/rejected": -71.51060099601746,
      "loss": 1.233415126800537,
      "mean_token_accuracy": 0.7661451451480389,
      "num_tokens": 106208.0,
      "rewards/accuracies": 0.2625,
      "rewards/chosen": 0.13733568552415817,
      "rewards/margins": -0.7026635586284101,
      "rewards/rejected": 0.839999242068734,
      "step": 80
    },
    {
      "entropy": 0.7833264499902726,
      "epoch": 0.4444444444444444,
      "grad_norm": 0.0,
      "learning_rate": 6.263736263736263e-05,
      "logits/chosen": -0.9740457919993251,
      "logits/rejected": -0.8939625168700109,
      "logps/chosen": -77.74453377723694,
      "logps/rejected": -72.71161668300628,
      "loss": 1.161402416229248,
      "mean_token_accuracy": 0.7363423209637403,
      "num_tokens": 118885.0,
      "rewards/accuracies": 0.2875,
      "rewards/chosen": 0.0850406768033281,
      "rewards/margins": -0.5746903105638921,
      "rewards/rejected": 0.6597309881653928,
      "step": 90
    },
    {
      "entropy": NaN,
      "epoch": 0.49382716049382713,
      "grad_norm": 0.0,
      "learning_rate": 5.714285714285714e-05,
      "logits/chosen": -1.0065294052280782,
      "logits/rejected": -0.872230431054294,
      "logps/chosen": -79.91104238033294,
      "logps/rejected": -76.49649357795715,
      "loss": 1.4407675743103028,
      "mean_token_accuracy": 0.7246606357395649,
      "num_tokens": 132491.0,
      "rewards/accuracies": 0.2625,
      "rewards/chosen": 0.074838066927623,
      "rewards/margins": -0.8872754665557295,
      "rewards/rejected": 0.9621135303634218,
      "step": 100
    },
    {
      "epoch": 0.49382716049382713,
      "eval_entropy": NaN,
      "eval_logits/chosen": -1.0382418204583013,
      "eval_logits/rejected": -0.9042336005019856,
      "eval_logps/chosen": -80.7065274450514,
      "eval_logps/rejected": -77.54287419848971,
      "eval_loss": 1.4101011753082275,
      "eval_mean_token_accuracy": 0.7466248048676385,
      "eval_num_tokens": 132491.0,
      "eval_rewards/accuracies": 0.24444444444444444,
      "eval_rewards/chosen": 0.027924738839889565,
      "eval_rewards/margins": -0.8981654143374828,
      "eval_rewards/rejected": 0.9260901489036365,
      "eval_runtime": 778.0277,
      "eval_samples_per_second": 0.231,
      "eval_steps_per_second": 0.231,
      "step": 100
    },
    {
      "entropy": NaN,
      "epoch": 0.5432098765432098,
      "grad_norm": 0.0,
      "learning_rate": 5.164835164835166e-05,
      "logits/chosen": -1.0274986602032474,
      "logits/rejected": -0.9728220440760845,
      "logps/chosen": -79.70511829853058,
      "logps/rejected": -68.68262796401977,
      "loss": 1.2053367614746093,
      "mean_token_accuracy": 0.7321579154580832,
      "num_tokens": 145853.0,
      "rewards/accuracies": 0.325,
      "rewards/chosen": 0.25777323413640263,
      "rewards/margins": -0.607215358223766,
      "rewards/rejected": 0.8649885933613405,
      "step": 110
    },
    {
      "entropy": 0.7541876398026943,
      "epoch": 0.5925925925925926,
      "grad_norm": 0.0,
      "learning_rate": 4.615384615384616e-05,